Business License,Business Name,Address,City,State,Zip Code,Location,Last Inspection Date
09FOOD-0007,Oakton & Dodge Shell,500 DODGE AVE,Evanston,IL,60202,"500 DODGE AVE
Evanston, IL 60202
(42.026994, -87.699465)",10/13/2016
09FOOD-0416,Unitarian Church of Evanston,1330 RIDGE AVE,Evanston,IL,60201,"1330 RIDGE AVE
Evanston, IL 60201
(42.042288, -87.688422)",10/12/2016
11FOOD-0003,Shop Now Food and Grocery,1942 MAPLE AVE,Evanston,IL,60201,"1942 MAPLE AVE
Evanston, IL 60201
(42.053481, -87.684718)",09/22/2016
09FOOD-0414,St. Luke's Episcopal Church,939 HINMAN AVE,Evanston,IL,60202,"939 HINMAN AVE
Evanston, IL 60202
(42.035453, -87.678002)",09/20/2016
13FOOD-0006,Chicago - Main Newstand,860 CHICAGO AVE,Evanston,IL,60202,"860 CHICAGO AVE
Evanston, IL 60202
(42.033834, -87.679367)",10/13/2016
09FOOD-0365,Delta Chi,619 COLFAX ST,Evanston,IL,60201,"619 COLFAX ST
Evanston, IL 60201
(42.060499, -87.678117)",03/18/2016
09FOOD-0159,Belgian Chocolatier Piron,509 MAIN ST A,Evanston,IL,60202,"509 MAIN ST A
Evanston, IL 60202
(42.033936, -87.678272)",10/18/2016
11FOOD-0022,Spex Mart Inc,1235 DODGE AVE,Evanston,IL,60202,"1235 DODGE AVE
Evanston, IL 60202
(42.04048, -87.699118)",10/18/2016
09FOOD-0402,Hillel,629 FOSTER ST,Evanston,IL,60201,"629 FOSTER ST
Evanston, IL 60201
(42.053861, -87.678962)",10/31/2016
09FOOD-0339,The Spice House,1941 CENTRAL ST,Evanston,IL,60201,"1941 CENTRAL ST
Evanston, IL 60201
(42.06433, -87.700672)",09/21/2016
13FOOD-0052,Orangetheory Fitness,2800 CENTRAL ST,Evanston,IL,60201,"2800 CENTRAL ST
Evanston, IL 60201
(42.06443, -87.713179)",10/21/2016
13FOOD-0018,Food 4 Less Fuel Center,2420 MAIN ST,Evanston,IL,60202,"2420 MAIN ST
Evanston, IL 60202
(42.03367, -87.708351)",04/22/2016
09FOOD-0201,Evanston Main Foods,835 MAIN ST,Evanston,IL,60202,"835 MAIN ST
Evanston, IL 60202
(42.033965, -87.68282)",09/20/2016
09FOOD-0379,E-Z Spuds,2223 WASHINGTON ST,Evanston,IL,60202,"2223 WASHINGTON ST
Evanston, IL 60202
(42.03196, -87.705468)",10/03/2016
09FOOD-0164,Evanston Gas & Food,101 RIDGE AVE,Evanston,IL,60202,"101 RIDGE AVE
Evanston, IL 60202
(42.019674, -87.684684)",10/06/2016
13FOOD-0021,New Lucky Main Pantry,510 MAIN ST,Evanston,IL,60202,"510 MAIN ST
Evanston, IL 60202
(42.033936, -87.678311)",10/18/2016
13FOOD-0020,Walsh Natural Health LLC,2116 1/2 CENTRAL ST,Evanston,IL,60201,"2116 1/2 CENTRAL ST
Evanston, IL 60201
(42.064349, -87.70294)",09/21/2016
11FOOD-0015,Evanston 1st Liquors,1019 DAVIS ST,Evanston,IL,60201,"1019 DAVIS ST
Evanston, IL 60201
(42.047063, -87.685817)",09/20/2016
12FOOD-0030,Planet Fitness,2410 MAIN ST,Evanston,IL,60202,"2410 MAIN ST
Evanston, IL 60202
(42.033663, -87.707526)",04/22/2016
09FOOD-0160,Delta Discount,800 MAIN ST,Evanston,IL,60202,"800 MAIN ST
Evanston, IL 60202
(42.033975, -87.682253)",09/20/2016
09FOOD-0157,Green Bay Car Wash,1950 GREEN BAY RD,Evanston,IL,60201,"1950 GREEN BAY RD
Evanston, IL 60201
(42.05382, -87.690209)",10/03/2016
09FOOD-0311,Walgreens #4218,900 DODGE AVE,Evanston,IL,60202,"900 DODGE AVE
Evanston, IL 60202
(42.034193, -87.699308)",10/13/2016
12FOOD-0011,GNC,812 DAVIS ST,Evanston,IL,60201,"812 DAVIS ST
Evanston, IL 60201
(42.046882, -87.682226)",10/24/2016
15FOOD-0042,Nicolet Football Center Nutrition Fueling Station,2707 ASHLAND AVE,Evanston,IL,60201,"2707 ASHLAND AVE
Evanston, IL 60201
(42.066824, -87.693843)",10/21/2016
09FOOD-0276,Willard Residential College,1865 SHERMAN AVE,Evanston,IL,60201,"1865 SHERMAN AVE
Evanston, IL 60201
(42.051766, -87.681778)",02/03/2016
09FOOD-0401,J & S Food Mart,701 HOWARD ST,Evanston,IL,60202,"701 HOWARD ST
Evanston, IL 60202
(42.019473, -87.68047)",10/11/2016
09FOOD-0180,Citgo,443 ASBURY AVE,Evanston,IL,60202,"443 ASBURY AVE
Evanston, IL 60202
(42.026439, -87.690107)",02/26/2016
09FOOD-0376,Allfresh Food Products,2156 GREEN BAY RD,Evanston,IL,60201,"2156 GREEN BAY RD
Evanston, IL 60201
(42.05745, -87.69305)",10/25/2016
10FOOD-0011,Citgo,1925 GREEN BAY RD,Evanston,IL,60201,"1925 GREEN BAY RD
Evanston, IL 60201
(42.053369, -87.689828)",10/12/2016
09FOOD-0197,Howard Marathon,555 HOWARD ST,Evanston,IL,60202,"555 HOWARD ST
Evanston, IL 60202
(42.019446, -87.677106)",10/11/2016
09FOOD-0212,CVS/Pharmacy #8760,3333 CENTRAL ST,Evanston,IL,60201,"3333 CENTRAL ST
Evanston, IL 60201
(42.064579, -87.72686)",10/05/2016
09FOOD-0012,Aldi,2211 OAKTON ST,Evanston,IL,60202,"2211 OAKTON ST
Evanston, IL 60202
(42.026498, -87.705239)",06/07/2016
12FOOD-0007,Mobil,140 CHICAGO AVE,Evanston,IL,60202,"140 CHICAGO AVE
Evanston, IL 60202
(42.020758, -87.676664)",05/16/2016
09FOOD-0327,CVS/Pharmacy #3901,1711 SHERMAN AVE,Evanston,IL,60201,"1711 SHERMAN AVE
Evanston, IL 60201
(42.04897, -87.681811)",10/21/2016
12FOOD-0022,Papa Romeo's Pizza,1168 DODGE AVE,Evanston,IL,60202,"1168 DODGE AVE
Evanston, IL 60202
(42.039639, -87.699249)",06/23/2016
09FOOD-0377,Bernard Food,1125 HARTREY AVE,Evanston,IL,60202,"1125 HARTREY AVE
Evanston, IL 60202
(42.038427, -87.703861)",10/24/2016
12FOOD-0028,Babylon Discount Food,1618 EMERSON ST,Evanston,IL,60201,"1618 EMERSON ST
Evanston, IL 60201
(42.052152, -87.694759)",11/01/2016
09FOOD-0153,Oakton Shell,2494 OAKTON ST,Evanston,IL,60202,"2494 OAKTON ST
Evanston, IL 60202
(42.026413, -87.708347)",11/01/2016
10FOOD-0039,"Few Spirits, LLC",918 CHICAGO AVE,Evanston,IL,60202,"918 CHICAGO AVE
Evanston, IL 60202
(42.034526, -87.679499)",11/03/2016
09FOOD-0396,First Church of God Christian Life Center,1524 SIMPSON ST,Evanston,IL,60201,"1524 SIMPSON ST
Evanston, IL 60201
(42.055728, -87.693729)",11/03/2016
13FOOD-0024,Coffee Speed Shop,"2000 GREENLEAF ST, SUITE #2",Evanston,IL,60202,"2000 GREENLEAF ST, SUITE #2
Evanston, IL 60202
(42.037457, -87.701523)",11/10/2016
11FOOD-0020,St. James Armenian Church,816 Clark ST,Evanston,IL,60201,"816 Clark ST
Evanston, IL 60201
(42.049915, -87.682733)",11/23/2016
12FOOD-0018,Ward Eight,629 HOWARD ST,Evanston,IL,60202,"629 HOWARD ST
Evanston, IL 60202
(42.01947, -87.679585)",11/28/2016
14FOOD-0047,Cohen Commons - Faculty Club & Kitchen,2145 SHERIDAN RD,Evanston,IL,60208,"2145 SHERIDAN RD
Evanston, IL 60208
(42.056691, -87.677158)",12/07/2016
13FOOD-0050,Delta Upsilon,2307 SHERIDAN RD,Evanston,IL,60208,"2307 SHERIDAN RD
Evanston, IL 60208
(42.059579, -87.677132)",12/08/2016
13FOOD-0005,Temperance Beer Company LLC,2000 DEMPSTER ST,Evanston,IL,60202,"2000 DEMPSTER ST
Evanston, IL 60202
(42.0411, -87.701496)",12/22/2016
12FOOD-0008,Kikka@Whole Foods Evanston South,1111 CHICAGO AVE,Evanston,IL,60202,"1111 CHICAGO AVE
Evanston, IL 60202
(42.037873, -87.680171)",12/28/2016
10FOOD-0035,Hillside Food Pantry,2727 CRAWFORD AVE,Evanston,IL,60201,"2727 CRAWFORD AVE
Evanston, IL 60201
(42.067155, -87.72963)",12/28/2016
16FOOD-0016,Gotta B Crepes,1601 SIMPSON ST 3,Evanston,IL,60201,"1601 SIMPSON ST 3
Evanston, IL 60201
(42.05572, -87.694275)",12/29/2016
09FOOD-0244,Food 4 Less Midwest #558,2400 MAIN ST,Evanston,IL,60202,"2400 MAIN ST
Evanston, IL 60202
(42.033665, -87.707728)",12/30/2016
09FOOD-0183,Saint Francis Hospital,355 RIDGE AVE,Evanston,IL,60202,"355 RIDGE AVE
Evanston, IL 60202
(42.023956, -87.685159)",01/13/2017
08FOOD-0181,Dunkin' Donuts & Baskin-Robbins,2658 GREEN BAY RD,Evanston,IL,60201,"2658 GREEN BAY RD
Evanston, IL 60201
(42.066219, -87.700405)",01/13/2017
14FOOD-0039,Domino's Pizza,911 FOSTER ST,Evanston,IL,60201,"911 FOSTER ST
Evanston, IL 60201
(42.053914, -87.683929)",01/17/2017
09FOOD-0039,Subway #3020,1551 SHERMAN AVE,Evanston,IL,60201,"1551 SHERMAN AVE
Evanston, IL 60201
(42.045602, -87.681896)",01/17/2017
15FOOD-0001,Burger King #1664,1740 ORRINGTON AVE,Evanston,IL,60201,"1740 ORRINGTON AVE
Evanston, IL 60201
(42.049481, -87.680201)",01/18/2017
09FOOD-0424,Dunkin' Donuts,2494 OAKTON ST,Evanston,IL,60202,"2494 OAKTON ST
Evanston, IL 60202
(42.026413, -87.708347)",01/19/2017
14FOOD-0013,Lillian's,1806 DEMPSTER ST,Evanston,IL,60202,"1806 DEMPSTER ST
Evanston, IL 60202
(42.041146, -87.6979)",01/19/2017
12FOOD-0034,Burger King #9067,1829 DEMPSTER ST,Evanston,IL,60201,"1829 DEMPSTER ST
Evanston, IL 60201
(42.041128, -87.698699)",01/20/2017
08FOOD-0175,Dunkin' Donuts Baskin-Robbins,1900 DEMPSTER ST D,Evanston,IL,60202,"1900 DEMPSTER ST D
Evanston, IL 60202
(42.041109, -87.70006)",01/20/2017
09FOOD-0202,"Barnes & Noble Booksellers, Inc.",1630 SHERMAN AVE,Evanston,IL,60201,"1630 SHERMAN AVE
Evanston, IL 60201
(42.048083, -87.681817)",01/23/2017
16FOOD-0001,Cupitol Coffee & Eatery,812 GROVE ST,Evanston,IL,60201,"812 GROVE ST
Evanston, IL 60201
(42.045561, -87.683665)",01/23/2017
10FOOD-0001,Subway #48042,2494 OAKTON ST,Evanston,IL,60202,"2494 OAKTON ST
Evanston, IL 60202
(42.026413, -87.708347)",01/27/2017
15FOOD-0021,Peeled Juice Bar,2311 CAMPUS DR,Evanston,IL,60201,"2311 CAMPUS DR
Evanston, IL 60201
(42.059063, -87.672861)",01/27/2017
09FOOD-0108,Levy Senior Center,300 DODGE AVE,Evanston,IL,60202,"300 DODGE AVE
Evanston, IL 60202
(42.023184, -87.699524)",01/27/2017
13FOOD-0014,7-Eleven #33961B,817 DAVIS ST,Evanston,IL,60201,"817 DAVIS ST
Evanston, IL 60201
(42.046984, -87.682867)",01/30/2017
13FOOD-0008,Naf Naf Grill,1629 ORRINGTON AVE,Evanston,IL,60201,"1629 ORRINGTON AVE
Evanston, IL 60201
(42.047843, -87.681025)",01/30/2017
09FOOD-0295,Dawes Elementary School,440 DODGE AVE,Evanston,IL,60202,"440 DODGE AVE
Evanston, IL 60202
(42.026496, -87.699485)",01/30/2017
14FOOD-0041,Bagel Art,615 DEMPSTER ST,Evanston,IL,60201,"615 DEMPSTER ST
Evanston, IL 60201
(42.041218, -87.681668)",01/31/2017
09FOOD-0171,7-Eleven #33888A,817 EMERSON ST,Evanston,IL,60201,"817 EMERSON ST
Evanston, IL 60201
(42.052091, -87.682655)",02/01/2017
09FOOD-0154,7-Eleven #27070B,847 DODGE AVE,Evanston,IL,60202,"847 DODGE AVE
Evanston, IL 60202
(42.033087, -87.699327)",02/01/2017
09FOOD-0300,Lincolnwood Elementary School,2600 COLFAX ST,Evanston,IL,60201,"2600 COLFAX ST
Evanston, IL 60201
(42.060781, -87.70942)",02/01/2017
16FOOD-0010,Flat Top Grill,707 CHURCH ST,Evanston,IL,60201,"707 CHURCH ST
Evanston, IL 60201
(42.048403, -87.681341)",02/02/2017
09FOOD-0298,Kingsley Elementary School,2300 GREEN BAY RD,Evanston,IL,60201,"2300 GREEN BAY RD
Evanston, IL 60201
(42.059714, -87.695031)",02/02/2017
09FOOD-0289,Haven Middle School,2417 PRAIRIE AVE,Evanston,IL,60201,"2417 PRAIRIE AVE
Evanston, IL 60201
(42.061645, -87.698662)",02/02/2017
16FOOD-0024,Evanston Ice Company,1701 MAIN ST,Evanston,IL,60202,"1701 MAIN ST
Evanston, IL 60202
(42.033939, -87.696698)",02/03/2017
09FOOD-0302,Orrington Elementary School,2636 ORRINGTON AVE,Evanston,IL,60201,"2636 ORRINGTON AVE
Evanston, IL 60201
(42.065424, -87.679501)",02/03/2017
09FOOD-0322,Century Evanston 12 & Cine Arts 6,1715 MAPLE AVE,Evanston,IL,60201,"1715 MAPLE AVE
Evanston, IL 60201
(42.049726, -87.684733)",02/06/2017
14FOOD-0029,Beth's Little Bake Shop,1814 CENTRAL ST,Evanston,IL,60201,"1814 CENTRAL ST
Evanston, IL 60201
(42.064309, -87.698485)",02/07/2017
15FOOD-0040,Quad Indoor Sports,2454 OAKTON ST,Evanston,IL,60202,"2454 OAKTON ST
Evanston, IL 60202
(42.026416, -87.710349)",02/07/2017
09FOOD-0405,Lake Street Church of Evanston,607 LAKE ST,Evanston,IL,60201,"607 LAKE ST
Evanston, IL 60201
(42.044086, -87.6806)",02/08/2017
09FOOD-0170,Siam Splendour,1125 EMERSON ST,Evanston,IL,60201,"1125 EMERSON ST
Evanston, IL 60201
(42.052152, -87.687275)",02/08/2017
09FOOD-0363,Dream About Tea,1011 DAVIS ST,Evanston,IL,60201,"1011 DAVIS ST
Evanston, IL 60201
(42.047054, -87.685166)",02/07/2017
13FOOD-0013,Norris Center Bookstore #668,1999 CAMPUS DR,Evanston,IL,60208,"1999 CAMPUS DR
Evanston, IL 60208
(42.053678, -87.6734)",02/09/2017
09FOOD-0274,Norris University Center,1999 CAMPUS DR,Evanston,IL,60208,"1999 CAMPUS DR
Evanston, IL 60208
(42.053678, -87.6734)",02/09/2017
08FOOD-0180,Dunkin' Donuts,1612 BENSON AVE,Evanston,IL,60201,"1612 BENSON AVE
Evanston, IL 60201
(42.047211, -87.683425)",02/13/2017
09FOOD-0029,Little Wok,2426 MAIN ST,Evanston,IL,60202,"2426 MAIN ST
Evanston, IL 60202
(42.03369, -87.706713)",02/13/2017
09FOOD-0166,Sarpino's Pizza,2428 MAIN ST,Evanston,IL,60202,"2428 MAIN ST
Evanston, IL 60202
(42.033664, -87.707555)",02/13/2017
15FOOD-0002,Curts Cafe South,1813 DEMPSTER ST,Evanston,IL,60201,"1813 DEMPSTER ST
Evanston, IL 60201
(42.04114, -87.698164)",02/17/2017
09FOOD-0089,Brothers K Coffee House,500 MAIN ST,Evanston,IL,60202,"500 MAIN ST
Evanston, IL 60202
(42.033933, -87.677732)",02/17/2017
10FOOD-0020,Other Brother Coffeehouse,1549 SHERMAN AVE,Evanston,IL,60201,"1549 SHERMAN AVE
Evanston, IL 60201
(42.045657, -87.681893)",02/17/2017
15FOOD-0052,Dollar Tree,1928 DEMPSTER ST,Evanston,IL,60202,"1928 DEMPSTER ST
Evanston, IL 60202
(42.041109, -87.700019)",02/20/2017
10FOOD-0017,Garrett Cafe,2121 SHERIDAN RD,Evanston,IL,60208,"2121 SHERIDAN RD
Evanston, IL 60208
(42.059157, -87.677139)",02/20/2017
16FOOD-0030,Papa Philly,1608 EMERSON ST,Evanston,IL,60201,"1608 EMERSON ST
Evanston, IL 60201
(42.052148, -87.694941)",02/21/2017
09FOOD-0287,Chute Middle School,1400 OAKTON ST,Evanston,IL,60202,"1400 OAKTON ST
Evanston, IL 60202
(42.026739, -87.691689)",02/21/2017
12FOOD-0027,Unity Nursery School,827 FOSTER ST,Evanston,IL,60201,"827 FOSTER ST
Evanston, IL 60201
(42.053894, -87.682279)",02/21/2017
09FOOD-0232,Trattoria D.O.C.,706 MAIN ST,Evanston,IL,60202,"706 MAIN ST
Evanston, IL 60202
(42.033965, -87.680798)",02/23/2017
09FOOD-0324,Cost Plus World Market,1725 MAPLE AVE,Evanston,IL,60201,"1725 MAPLE AVE
Evanston, IL 60201
(42.049576, -87.684733)",01/17/2017
09FOOD-0076,Clarke's,720 CLARK ST,Evanston,IL,60201,"720 CLARK ST
Evanston, IL 60201
(42.049906, -87.681082)",02/24/2017
09FOOD-0101,Holiday Inn University Plaza,1501 SHERMAN AVE,Evanston,IL,60201,"1501 SHERMAN AVE
Evanston, IL 60201
(42.044633, -87.681923)",02/24/2017
09FOOD-0231,Siam Paragon,503 MAIN ST,Evanston,IL,60202,"503 MAIN ST
Evanston, IL 60202
(42.033935, -87.678145)",02/27/2017
14FOOD-0050,D & D Dogs Inc,825 NOYES ST,Evanston,IL,60201,"825 NOYES ST
Evanston, IL 60201
(42.058446, -87.683107)",02/27/2017
09FOOD-0073,The Olive Mountain,610 DAVIS ST,Evanston,IL,60201,"610 DAVIS ST
Evanston, IL 60201
(42.046374, -87.68037)",02/27/2017
09FOOD-0168,Zeta Tau Alpha,710 EMERSON ST,Evanston,IL,60201,"710 EMERSON ST
Evanston, IL 60201
(42.052055, -87.680005)",02/28/2017
09FOOD-0354,Midwest Montessori #560,926 NOYES ST,Evanston,IL,60201,"926 NOYES ST
Evanston, IL 60201
(42.058448, -87.684088)",03/01/2017
09FOOD-0213,Teen Baby Nursery,2010 DEWEY AVE,Evanston,IL,60201,"2010 DEWEY AVE
Evanston, IL 60201
(42.054709, -87.695796)",03/01/2017
09FOOD-0386,Baby Toddler Nursery,2200 MAIN ST,Evanston,IL,60202,"2200 MAIN ST
Evanston, IL 60202
(42.033785, -87.704649)",03/02/2017
09FOOD-0137,Creative Play,1701 MAIN ST,Evanston,IL,60202,"1701 MAIN ST
Evanston, IL 60202
(42.033939, -87.696698)",03/02/2017
09FOOD-0051,Vinic Wine Company,1509 CHICAGO AVE,Evanston,IL,60201,"1509 CHICAGO AVE
Evanston, IL 60201
(42.04534, -87.680116)",03/02/2017
09FOOD-0408,Northminster Nursery School,2515 CENTRAL PARK AVE,Evanston,IL,60201,"2515 CENTRAL PARK AVE
Evanston, IL 60201
(42.063051, -87.717791)",03/03/2017
09FOOD-0133,Warren W. Cherry Preschool,1418 LAKE ST,Evanston,IL,60201,"1418 LAKE ST
Evanston, IL 60201
(42.044251, -87.692798)",03/03/2017
09FOOD-0271,Elder Hall,2400 SHERIDAN RD,Evanston,IL,60201,"2400 SHERIDAN RD
Evanston, IL 60201
(42.061193, -87.677093)",03/06/2017
12FOOD-0010,Bright Horizons at Evanston,1629 ORRINGTON AVE,Evanston,IL,60201,"1629 ORRINGTON AVE
Evanston, IL 60201
(42.047843, -87.681025)",03/06/2017
09FOOD-0272,Foster Walker Undergrad Complex,1927 ORRINGTON AVE,Evanston,IL,60201,"1927 ORRINGTON AVE
Evanston, IL 60201
(42.053221, -87.679765)",03/06/2017
09FOOD-0242,Treasure Ocean,2400 SHERIDAN RD,Evanston,IL,60208,"2400 SHERIDAN RD
Evanston, IL 60208
(42.061193, -87.677093)",03/06/2017
09FOOD-0269,1835 Hinman,1835 HINMAN AVE,Evanston,IL,60201,"1835 HINMAN AVE
Evanston, IL 60201
(42.049869, -87.675998)",03/07/2017
09FOOD-0056,McDonald's #6867,1919 DEMPSTER ST,Evanston,IL,60201,"1919 DEMPSTER ST
Evanston, IL 60201
(42.041109, -87.700107)",03/07/2017
12FOOD-0023,World of Beer,1601 SHERMAN AVE,Evanston,IL,60201,"1601 SHERMAN AVE
Evanston, IL 60201
(42.047301, -87.681837)",03/07/2017
17FOOD-0005,Evanston Games and Cafe,1610 MAPLE AVE,Evanston,IL,60201,"1610 MAPLE AVE
Evanston, IL 60201
(42.047432, -87.684982)",03/08/2017
09FOOD-0293,Chiaravalle Montessori School,425 DEMPSTER ST,Evanston,IL,60201,"425 DEMPSTER ST
Evanston, IL 60201
(42.041164, -87.67823)",03/09/2017
09FOOD-0115,Family Focus,2010 DEWEY AVE,Evanston,IL,60201,"2010 DEWEY AVE
Evanston, IL 60201
(42.054709, -87.695796)",03/10/2017
09FOOD-0280,Kresge Hall Cafe,1880 CAMPUS DR,Evanston,IL,60208,"1880 CAMPUS DR
Evanston, IL 60208
(42.051293, -87.673536)",03/10/2017
09FOOD-0390,Childtime at Saint Francis Hospital,355 RIDGE AVE,Evanston,IL,60202,"355 RIDGE AVE
Evanston, IL 60202
(42.023956, -87.685159)",03/10/2017
09FOOD-0130,Soup At Six,933 CHICAGO AVE,Evanston,IL,60202,"933 CHICAGO AVE
Evanston, IL 60202
(42.034859, -87.679563)",03/13/2017
09FOOD-0037,Edzo's Burger Shop,1571 SHERMAN AVE,Evanston,IL,60201,"1571 SHERMAN AVE
Evanston, IL 60201
(42.045996, -87.681876)",03/14/2017
09FOOD-0266,Kappa Delta,711 UNIVERSITY PL,Evanston,IL,60201,"711 UNIVERSITY PL
Evanston, IL 60201
(42.051245, -87.680007)",03/14/2017
09FOOD-0084,Hecky's Bar B Q,1902 GREEN BAY RD,Evanston,IL,60201,"1902 GREEN BAY RD
Evanston, IL 60201
(42.052472, -87.689129)",03/14/2017
09FOOD-0189,Shore Homes East,503 MICHIGAN AVE,Evanston,IL,60202,"503 MICHIGAN AVE
Evanston, IL 60202
(42.026758, -87.672102)",03/14/2017
09FOOD-0258,Alpha Chi Omega,637 UNIVERSITY PL,Evanston,IL,60201,"637 UNIVERSITY PL
Evanston, IL 60201
(42.051216, -87.678391)",03/14/2017
09FOOD-0186,Greenwood Care,1406 CHICAGO AVE,Evanston,IL,60201,"1406 CHICAGO AVE
Evanston, IL 60201
(42.042897, -87.680577)",03/15/2017
09FOOD-0041,IHOP #1203,100 ASBURY AVE,Evanston,IL,60202,"100 ASBURY AVE
Evanston, IL 60202
(42.019648, -87.690191)",03/15/2017
09FOOD-0042,Bill's Drive-In,120 ASBURY AVE,Evanston,IL,60202,"120 ASBURY AVE
Evanston, IL 60202
(42.020035, -87.69019)",03/15/2017
09FOOD-0093,Las Palmas of Evanston,817 UNIVERSITY PL,Evanston,IL,60201,"817 UNIVERSITY PL
Evanston, IL 60201
(42.051268, -87.682665)",03/15/2017
11FOOD-0026,ROYCEMORE SCHOOL - CAFETERIA,1200 DAVIS ST,Evanston,IL,60201,"1200 DAVIS ST
Evanston, IL 60201
(42.047112, -87.68951)",03/15/2017
09FOOD-0340,Siam Pasta,809 DEMPSTER ST,Evanston,IL,60201,"809 DEMPSTER ST
Evanston, IL 60201
(42.041208, -87.682492)",03/16/2017
09FOOD-0078,Little Island,2600 CRAWFORD AVE,Evanston,IL,60201,"2600 CRAWFORD AVE
Evanston, IL 60201
(42.064759, -87.727447)",03/16/2017
15FOOD-0049,The Barn,1016 CHURCH ST Rear,Evanston,IL,60201,"1016 CHURCH ST Rear
Evanston, IL 60201
(42.048484, -87.686166)",03/16/2017
09FOOD-0325,Cozy Noodles & Rice,1018 DAVIS ST,Evanston,IL,60201,"1018 DAVIS ST
Evanston, IL 60201
(42.047066, -87.686008)",03/16/2017
09FOOD-0083,Sher-Main Grill,802 MAIN ST,Evanston,IL,60202,"802 MAIN ST
Evanston, IL 60202
(42.033971, -87.682467)",03/17/2017
09FOOD-0191,King Home,1555 OAK AVE,Evanston,IL,60201,"1555 OAK AVE
Evanston, IL 60201
(42.045773, -87.686896)",03/20/2017
09FOOD-0173,Union Pizzeria,1245 CHICAGO AVE,Evanston,IL,60202,"1245 CHICAGO AVE
Evanston, IL 60202
(42.040767, -87.680589)",03/20/2017
15FOOD-0051,La Cocinita Restaurant,1625 CHICAGO AVE,Evanston,IL,60201,"1625 CHICAGO AVE
Evanston, IL 60201
(42.046927, -87.679334)",03/21/2017
15FOOD-0029,Whiskey Thief,616 DAVIS ST,Evanston,IL,60201,"616 DAVIS ST
Evanston, IL 60201
(42.046439, -87.680609)",03/21/2017
09FOOD-0131,Total Child Preschool & Childcare Center,516 CHURCH ST,Evanston,IL,60201,"516 CHURCH ST
Evanston, IL 60201
(42.047425, -87.677756)",03/21/2017
09FOOD-0070,Golden Olympic Restaurant,1608 CHICAGO AVE,Evanston,IL,60201,"1608 CHICAGO AVE
Evanston, IL 60201
(42.046509, -87.679529)",03/21/2017
09FOOD-0410,School For Little Children,1427 CHICAGO AVE,Evanston,IL,60201,"1427 CHICAGO AVE
Evanston, IL 60201
(42.043427, -87.680572)",03/21/2017
09FOOD-0246,Chipotle Mexican Grill #87,711 CHURCH ST,Evanston,IL,60201,"711 CHURCH ST
Evanston, IL 60201
(42.048394, -87.681307)",03/22/2017
09FOOD-0335,Tapas Barcelona,1615 CHICAGO AVE,Evanston,IL,60201,"1615 CHICAGO AVE
Evanston, IL 60201
(42.046887, -87.679352)",03/23/2017
14FOOD-0040,Lulu's - Taco Diablo - Five & Dime,1026 DAVIS ST,Evanston,IL,60201,"1026 DAVIS ST
Evanston, IL 60201
(42.047068, -87.686144)",03/23/2017
17FOOD-0004,Hilton Garden Inn,1818 MAPLE AVE,Evanston,IL,60201,"1818 MAPLE AVE
Evanston, IL 60201
(42.050681, -87.684824)",03/15/2017
15FOOD-0044,Harold's Chicken Shack,337 HOWARD ST,Evanston,IL,60202,"337 HOWARD ST
Evanston, IL 60202
(42.019399, -87.675244)",03/27/2017
09FOOD-0100,Tommy Nevin's Pub,1450 SHERMAN AVE,Evanston,IL,60201,"1450 SHERMAN AVE
Evanston, IL 60201
(42.044389, -87.681928)",03/27/2017
09FOOD-0384,Immanuel Lutheran Church,616 LAKE ST,Evanston,IL,60201,"616 LAKE ST
Evanston, IL 60201
(42.044089, -87.680783)",03/25/2017
09FOOD-0387,Beth Emet The Free Synagogue,1224 DEMPSTER ST,Evanston,IL,60202,"1224 DEMPSTER ST
Evanston, IL 60202
(42.041283, -87.689775)",03/28/2017
13FOOD-0034,Peckish Pig Restaurant & Brewery,623 HOWARD ST,Evanston,IL,60202,"623 HOWARD ST
Evanston, IL 60202
(42.019467, -87.679363)",03/28/2017
09FOOD-0333,Trattoria Demi,1571 SHERMAN AVE,Evanston,IL,60201,"1571 SHERMAN AVE
Evanston, IL 60201
(42.045996, -87.681876)",03/27/2017
13FOOD-0035,Smylie Brothers Brewing Company,1615 OAK AVE,Evanston,IL,60201,"1615 OAK AVE
Evanston, IL 60201
(42.047551, -87.686833)",03/28/2017
09FOOD-0149,Jewish Reconstructionist Congregation,303 DODGE AVE,Evanston,IL,60202,"303 DODGE AVE
Evanston, IL 60202
(42.023033, -87.699526)",03/27/2017
09FOOD-0134,Parent Day Out,1420 MAPLE AVE,Evanston,IL,60201,"1420 MAPLE AVE
Evanston, IL 60201
(42.043567, -87.68504)",03/28/2017
09FOOD-0251,Dozika,601 DEMPSTER ST,Evanston,IL,60201,"601 DEMPSTER ST
Evanston, IL 60201
(42.041215, -87.680946)",03/29/2017
09FOOD-0060,Prairie Joe's,1921 CENTRAL ST,Evanston,IL,60201,"1921 CENTRAL ST
Evanston, IL 60201
(42.06432, -87.699664)",03/29/2017
09FOOD-0192,Three Crowns Park,2323 MCDANIEL AVE,Evanston,IL,60201,"2323 MCDANIEL AVE
Evanston, IL 60201
(42.059707, -87.708114)",03/31/2017
09FOOD-0385,Alden Estates of Evanston,2520 GROSS POINT RD,Evanston,IL,60201,"2520 GROSS POINT RD
Evanston, IL 60201
(42.063097, -87.729846)",03/31/2017
09FOOD-0268,Pi Beta Phi,636 EMERSON ST,Evanston,IL,60201,"636 EMERSON ST
Evanston, IL 60201
(42.05208, -87.678209)",04/03/2017
09FOOD-0392,Daniel F. and Ada L. Rice Child + Family Center,1101 WASHINGTON ST,Evanston,IL,60202,"1101 WASHINGTON ST
Evanston, IL 60202
(42.032836, -87.687121)",04/03/2017
09FOOD-0163,Al's Deli,914 NOYES ST,Evanston,IL,60201,"914 NOYES ST
Evanston, IL 60201
(42.058448, -87.68401)",04/03/2017
12FOOD-0055,The Merion,1611 CHICAGO AVE 1,Evanston,IL,60201,"1611 CHICAGO AVE 1
Evanston, IL 60201
(42.046882, -87.679355)",04/04/2017
09FOOD-0351,Panera Bread #645,1700 SHERMAN AVE,Evanston,IL,60201,"1700 SHERMAN AVE
Evanston, IL 60201
(42.048455, -87.681808)",04/04/2017
12FOOD-0024,Found Restaurant,1631 CHICAGO AVE,Evanston,IL,60201,"1631 CHICAGO AVE
Evanston, IL 60201
(42.047446, -87.679092)",04/04/2017
09FOOD-0407,McGaw YMCA Child Care Center,1420 MAPLE AVE,Evanston,IL,60201,"1420 MAPLE AVE
Evanston, IL 60201
(42.043567, -87.68504)",03/28/2017
13FOOD-0048,Jilly's Cafe,2614 GREEN BAY RD,Evanston,IL,60201,"2614 GREEN BAY RD
Evanston, IL 60201
(42.064774, -87.699192)",04/05/2017
16FOOD-0018,Meez Meals,1459 ELMWOOD AVE,Evanston,IL,60201,"1459 ELMWOOD AVE
Evanston, IL 60201
(42.044723, -87.683538)",04/05/2017
10FOOD-0009,Kingston Grill,1164 DODGE AVE,Evanston,IL,60202,"1164 DODGE AVE
Evanston, IL 60202
(42.040404, -87.699236)",04/06/2017
09FOOD-0303,Park School,828 MAIN ST,Evanston,IL,60202,"828 MAIN ST
Evanston, IL 60202
(42.033969, -87.683146)",04/06/2017
09FOOD-0388,Campus Kitchen Project at NU,1820 CHICAGO AVE,Evanston,IL,60201,"1820 CHICAGO AVE
Evanston, IL 60201
(42.05029, -87.677687)",04/10/2017
09FOOD-0409,Reba Early Learning Center,740 CUSTER AVE,Evanston,IL,60202,"740 CUSTER AVE
Evanston, IL 60202
(42.031884, -87.680333)",04/06/2017
14FOOD-0005,Eurest Dining Services,1560 SHERMAN AVE,Evanston,IL,60201,"1560 SHERMAN AVE
Evanston, IL 60201
(42.045718, -87.681889)",04/10/2017
09FOOD-0338,The Stained Glass,1735 BENSON AVE,Evanston,IL,60201,"1735 BENSON AVE
Evanston, IL 60201
(42.049975, -87.683356)",04/10/2017
09FOOD-0270,Allison Hall,1820 CHICAGO AVE,Evanston,IL,60201,"1820 CHICAGO AVE
Evanston, IL 60201
(42.05029, -87.677687)",04/10/2017
09FOOD-0187,Aperion Care Evanston,1300 OAK AVE,Evanston,IL,60201,"1300 OAK AVE
Evanston, IL 60201
(42.041462, -87.686957)",04/11/2017
14FOOD-0048,Amazing Kale Burger,741 HOWARD ST,Evanston,IL,60202,"741 HOWARD ST
Evanston, IL 60202
(42.019487, -87.681951)",04/11/2017
16FOOD-0028,Real Good Juice Company,2748 GREEN BAY RD,Evanston,IL,60201,"2748 GREEN BAY RD
Evanston, IL 60201
(42.068443, -87.702217)",04/11/2017
15FOOD-0003,Whole Foods Market,2748 GREEN BAY RD,Evanston,IL,60201,"2748 GREEN BAY RD
Evanston, IL 60201
(42.068443, -87.702217)",04/11/2017
15FOOD-0034,Kikka,2748 GREEN BAY RD,Evanston,IL,60201,"2748 GREEN BAY RD
Evanston, IL 60201
(42.068443, -87.702217)",04/11/2017
09FOOD-0216,Kansaku,1514 SHERMAN AVE,Evanston,IL,60201,"1514 SHERMAN AVE
Evanston, IL 60201
(42.045295, -87.681908)",04/11/2017
09FOOD-0367,Firehouse Grill,750 CHICAGO AVE,Evanston,IL,60202,"750 CHICAGO AVE
Evanston, IL 60202
(42.032056, -87.679023)",04/12/2017
09FOOD-0014,CJE Senior Life,1015 HOWARD ST,Evanston,IL,60202,"1015 HOWARD ST
Evanston, IL 60202
(42.01954, -87.68665)",04/12/2017
16FOOD-0003,Hilton Orrington,1710 ORRINGTON AVE,Evanston,IL,60201,"1710 ORRINGTON AVE
Evanston, IL 60201
(42.048744, -87.680574)",04/12/2017
15FOOD-0007,Symphony of Evanston Healthcare,820 FOSTER ST,Evanston,IL,60201,"820 FOSTER ST
Evanston, IL 60201
(42.053901, -87.682813)",04/12/2017
14FOOD-0012,Bangers and Lace,810 GROVE ST,Evanston,IL,60201,"810 GROVE ST
Evanston, IL 60201
(42.045539, -87.682252)",04/12/2017
12FOOD-0001,Creperie Saint Germain,1512 SHERMAN AVE,Evanston,IL,60201,"1512 SHERMAN AVE
Evanston, IL 60201
(42.045234, -87.681909)",04/13/2017
16FOOD-0012,Feast and Imbibe,1601 PAYNE ST #C,Evanston,IL,60201,"1601 PAYNE ST #C
Evanston, IL 60201
(42.056983, -87.694642)",04/13/2017
09FOOD-0284,Sigma Alpha Epsilon,2325 SHERIDAN RD,Evanston,IL,60208,"2325 SHERIDAN RD
Evanston, IL 60208
(42.060214, -87.677105)",04/13/2017
09FOOD-0285,Claire's Korner,1827 EMERSON ST,Evanston,IL,60201,"1827 EMERSON ST
Evanston, IL 60201
(42.052078, -87.698671)",04/14/2017
09FOOD-0247,Bluestone Restaurant,1932 CENTRAL ST,Evanston,IL,60201,"1932 CENTRAL ST
Evanston, IL 60201
(42.064323, -87.700131)",04/14/2017
09FOOD-0337,Steak 'N Shake #470,2209 OAKTON ST,Evanston,IL,60202,"2209 OAKTON ST
Evanston, IL 60202
(42.026456, -87.706802)",04/17/2017
09FOOD-0344,527 Cafe,527 DAVIS ST,Evanston,IL,60201,"527 DAVIS ST
Evanston, IL 60201
(42.045999, -87.678964)",04/18/2017
09FOOD-0214,Bat 17,1709 BENSON AVE,Evanston,IL,60201,"1709 BENSON AVE
Evanston, IL 60201
(42.048868, -87.683386)",04/18/2017
09FOOD-0245,Mt. Everest Restaurant,630 CHURCH ST,Evanston,IL,60201,"630 CHURCH ST
Evanston, IL 60201
(42.048151, -87.680391)",04/18/2017
15FOOD-0011,Koco Table Evanston Inc,720 1/2 CLARK ST,Evanston,IL,60201,"720 1/2 CLARK ST
Evanston, IL 60201
(42.049906, -87.681082)",04/14/2017
16FOOD-0006,Terra and Vine,1701 MAPLE AVE,Evanston,IL,60201,"1701 MAPLE AVE
Evanston, IL 60201
(42.048828, -87.684729)",04/19/2017
13FOOD-0060,Lyfe Kitchen,1603 ORRINGTON AVE,Evanston,IL,60201,"1603 ORRINGTON AVE
Evanston, IL 60201
(42.047009, -87.681394)",04/19/2017
09FOOD-0249,Prairie Moon,1502 SHERMAN AVE,Evanston,IL,60201,"1502 SHERMAN AVE
Evanston, IL 60201
(42.044805, -87.681919)",04/19/2017
14FOOD-0026,Sashimi Sashimi,640 CHURCH ST,Evanston,IL,60201,"640 CHURCH ST
Evanston, IL 60201
(42.048213, -87.680613)",04/20/2017
10FOOD-0050,Pete Miller's Steakhouse,1557 SHERMAN AVE,Evanston,IL,60201,"1557 SHERMAN AVE
Evanston, IL 60201
(42.045929, -87.681878)",04/20/2017
09FOOD-0132,Kikka,1640 CHICAGO AVE,Evanston,IL,60201,"1640 CHICAGO AVE
Evanston, IL 60201
(42.04677, -87.679407)",04/20/2017
09FOOD-0329,Whole Foods Market #314,1640 CHICAGO AVE,Evanston,IL,60201,"1640 CHICAGO AVE
Evanston, IL 60201
(42.04677, -87.679407)",04/20/2017
16FOOD-0032,AFC Sushi@Jewel Osco #3428,1128 CHICAGO AVE,Evanston,IL,60202,"1128 CHICAGO AVE
Evanston, IL 60202
(42.039455, -87.680467)",04/24/2017
14FOOD-0035,Gigio's Pizzeria,1001 DAVIS ST,Evanston,IL,60201,"1001 DAVIS ST
Evanston, IL 60201
(42.047053, -87.685086)",04/24/2017
09FOOD-0181,Sam's Club #6444,2450 MAIN ST,Evanston,IL,60202,"2450 MAIN ST
Evanston, IL 60202
(42.033664, -87.70746)",04/21/2017
15FOOD-0018,Table To Stix Ramen,1007 DAVIS ST,Evanston,IL,60201,"1007 DAVIS ST
Evanston, IL 60201
(42.047053, -87.68509)",04/24/2017
10FOOD-0007,Crossmark Events,2450 MAIN ST,Evanston,IL,60202,"2450 MAIN ST
Evanston, IL 60202
(42.033664, -87.70746)",04/21/2017
09FOOD-0151,Chili's Grill and Bar #859,1765 MAPLE AVE,Evanston,IL,60201,"1765 MAPLE AVE
Evanston, IL 60201
(42.049425, -87.684732)",04/21/2017
08FOOD-0189,Old Neighborhood Grill,2902 CENTRAL ST,Evanston,IL,60201,"2902 CENTRAL ST
Evanston, IL 60201
(42.064438, -87.714805)",04/24/2017
14FOOD-0016,Mumbia Indian Grill,1728 SHERMAN AVE,Evanston,IL,60201,"1728 SHERMAN AVE
Evanston, IL 60201
(42.049516, -87.681794)",04/25/2017
09FOOD-0314,AFC Sushi @ Jewel Osco 3487,2485 HOWARD ST,Evanston,IL,60202,"2485 HOWARD ST
Evanston, IL 60202
(42.019174, -87.708157)",04/25/2017
09FOOD-0169,Wingstop,"2434 MAIN ST, SUITE F",Evanston,IL,60202,"2434 MAIN ST, SUITE F
Evanston, IL 60202
(42.033674, -87.707026)",04/25/2017
09FOOD-0237,Tein Li Chow,2485 HOWARD ST,Evanston,IL,60202,"2485 HOWARD ST
Evanston, IL 60202
(42.019174, -87.708157)",04/25/2017
09FOOD-0359,Jewel Osco #3487,2485 HOWARD ST,Evanston,IL,60202,"2485 HOWARD ST
Evanston, IL 60202
(42.019174, -87.708157)",04/25/2017
10FOOD-0019,The Grove of Evanston,500 ASBURY AVE,Evanston,IL,60202,"500 ASBURY AVE
Evanston, IL 60202
(42.026955, -87.690101)",04/25/2017
09FOOD-0288,ETHS,1600 DODGE AVE,Evanston,IL,60201,"1600 DODGE AVE
Evanston, IL 60201
(42.046601, -87.699034)",04/27/2017
10FOOD-0022,Bar Louie,1520 SHERMAN AVE,Evanston,IL,60201,"1520 SHERMAN AVE
Evanston, IL 60201
(42.045213, -87.68191)",04/28/2017
09FOOD-0119,Foodstuffs,2106 CENTRAL ST,Evanston,IL,60201,"2106 CENTRAL ST
Evanston, IL 60201
(42.064349, -87.702436)",04/28/2017
09FOOD-0240,Celtic Knot Public House,626 CHURCH ST,Evanston,IL,60201,"626 CHURCH ST
Evanston, IL 60201
(42.048073, -87.68011)",04/25/2017
09FOOD-0090,Oceanique,505 MAIN ST,Evanston,IL,60202,"505 MAIN ST
Evanston, IL 60202
(42.033936, -87.678272)",04/25/2017
14FOOD-0018,Ten Mile House,1700 CENTRAL ST,Evanston,IL,60201,"1700 CENTRAL ST
Evanston, IL 60201
(42.064298, -87.696214)",04/28/2017
15FOOD-0025,La Principal,700 MAIN ST,Evanston,IL,60202,"700 MAIN ST
Evanston, IL 60202
(42.033962, -87.680429)",04/28/2017
16FOOD-0004,Y.O.U.,1911 CHURCH ST,Evanston,IL,60201,"1911 CHURCH ST
Evanston, IL 60201
(42.048356, -87.699642)",02/09/2017
16FOOD-0022,Asian Cajun Too,1322 CHICAGO AVE,Evanston,IL,60201,"1322 CHICAGO AVE
Evanston, IL 60201
(42.042042, -87.680584)",01/17/2017
09FOOD-0372,Hunan Spring,635 CHICAGO AVE,Evanston,IL,60202,"635 CHICAGO AVE
Evanston, IL 60202
(42.029984, -87.678596)",03/23/2017
09FOOD-0375,Westminster Place,3200 GRANT ST,Evanston,IL,60201,"3200 GRANT ST
Evanston, IL 60201
(42.058918, -87.721945)",05/01/2017
09FOOD-0074,Le Peep #8533,827 CHURCH ST,Evanston,IL,60201,"827 CHURCH ST
Evanston, IL 60201
(42.048461, -87.682179)",05/02/2017
16FOOD-0026,Yeero Revolution,1009 DAVIS ST,Evanston,IL,60201,"1009 DAVIS ST
Evanston, IL 60201
(42.047056, -87.685294)",05/02/2017
09FOOD-0121,Jewel Osco #3428,1128 CHICAGO AVE,Evanston,IL,60202,"1128 CHICAGO AVE
Evanston, IL 60202
(42.039455, -87.680467)",05/02/2017
09FOOD-0297,Dewey Elementary School,1551 WESLEY AVE,Evanston,IL,60201,"1551 WESLEY AVE
Evanston, IL 60201
(42.045665, -87.692029)",05/02/2017
17FOOD-0002,Subway,"900 CHICAGO AVE, SUITE 101",Evanston,IL,60202,"900 CHICAGO AVE, SUITE 101
Evanston, IL 60202
(42.034425, -87.67948)",02/14/2017
09FOOD-0020,The Mather,425 DAVIS ST,Evanston,IL,60201,"425 DAVIS ST
Evanston, IL 60201
(42.04534, -87.676482)",05/02/2017
09FOOD-0092,Lucky Platter,514 MAIN ST,Evanston,IL,60202,"514 MAIN ST
Evanston, IL 60202
(42.033936, -87.678437)",05/02/2017
09FOOD-0320,Campagnola,815 CHICAGO AVE,Evanston,IL,60202,"815 CHICAGO AVE
Evanston, IL 60202
(42.032558, -87.679122)",05/02/2017
09FOOD-0290,King Lab Magnet School,2424 LAKE ST,Evanston,IL,60201,"2424 LAKE ST
Evanston, IL 60201
(42.04407, -87.707199)",05/02/2017
17FOOD-0011,MBG Products,1043 CHICAGO AVE,Evanston,IL,60202,"1043 CHICAGO AVE
Evanston, IL 60202
(42.036463, -87.679883)",04/11/2017
17FOOD-0009,Zen Shiatsu Chicago,"825 CHICAGO AVE, SUITE A",Evanston,IL,60202,"825 CHICAGO AVE, SUITE A
Evanston, IL 60202
(42.03288, -87.679184)",04/11/2017
16FOOD-0035,Sam's Chicken & Ribs & Pizza,1639 ORRINGTON AVE,Evanston,IL,60201,"1639 ORRINGTON AVE
Evanston, IL 60201
(42.047306, -87.681263)",05/03/2017
15FOOD-0008,Frio Gelato,517 DEMPSTER ST,Evanston,IL,60201,"517 DEMPSTER ST
Evanston, IL 60201
(42.041195, -87.679728)",05/03/2017
09FOOD-0263,Delta Zeta,717 UNIVERSITY PL,Evanston,IL,60201,"717 UNIVERSITY PL
Evanston, IL 60201
(42.051249, -87.680139)",05/04/2017
09FOOD-0275,Sargent Hall,2245 SHERIDAN RD,Evanston,IL,60208,"2245 SHERIDAN RD
Evanston, IL 60208
(42.058586, -87.677133)",05/04/2017
09FOOD-0061,Cold Stone Creamery,1611 SHERMAN AVE,Evanston,IL,60201,"1611 SHERMAN AVE
Evanston, IL 60201
(42.047585, -87.68183)",05/04/2017
13FOOD-0009,La Macchina Cafe,1620 ORRINGTON AVE,Evanston,IL,60201,"1620 ORRINGTON AVE
Evanston, IL 60201
(42.047015, -87.681391)",05/05/2017
09FOOD-0301,Oakton Elementary School,436 RIDGE AVE,Evanston,IL,60202,"436 RIDGE AVE
Evanston, IL 60202
(42.025959, -87.685384)",05/05/2017
09FOOD-0299,Lincoln Elementary School,910 FOREST AVE,Evanston,IL,60202,"910 FOREST AVE
Evanston, IL 60202
(42.034102, -87.67482)",05/05/2017
09FOOD-0309,Starbucks #255,2114 CENTRAL ST,Evanston,IL,60201,"2114 CENTRAL ST
Evanston, IL 60201
(42.064349, -87.702761)",05/05/2017
09FOOD-0069,Evanston Grill,1047 CHICAGO AVE B,Evanston,IL,60202,"1047 CHICAGO AVE B
Evanston, IL 60202
(42.037386, -87.680076)",05/04/2017
14FOOD-0042,Hyatt House,1515 CHICAGO AVE,Evanston,IL,60201,"1515 CHICAGO AVE
Evanston, IL 60201
(42.04558, -87.680002)",05/04/2017
09FOOD-0283,Plaza Cafe,1970 CAMPUS DR,Evanston,IL,60208,"1970 CAMPUS DR
Evanston, IL 60208
(42.053313, -87.673403)",05/08/2017
09FOOD-0107,Fleetwood Jourdain Community Center,1655 FOSTER ST,Evanston,IL,60201,"1655 FOSTER ST
Evanston, IL 60201
(42.053862, -87.695176)",05/05/2017
10FOOD-0026,The Mather South,450 DAVIS ST,Evanston,IL,60201,"450 DAVIS ST
Evanston, IL 60201
(42.045614, -87.677516)",05/08/2017
09FOOD-0278,Allen Center,2169 CAMPUS DR,Evanston,IL,60208,"2169 CAMPUS DR
Evanston, IL 60208
(42.056455, -87.673448)",05/08/2017
09FOOD-0178,St. Athanasius School,2510 ASHLAND AVE,Evanston,IL,60201,"2510 ASHLAND AVE
Evanston, IL 60201
(42.062891, -87.693911)",05/09/2017
09FOOD-0264,Gamma Phi Beta,640 EMERSON ST,Evanston,IL,60201,"640 EMERSON ST
Evanston, IL 60201
(42.052082, -87.678312)",05/09/2017
09FOOD-0358,Joy Yee's Noodles,521 DAVIS ST,Evanston,IL,60201,"521 DAVIS ST
Evanston, IL 60201
(42.045983, -87.678905)",05/09/2017
09FOOD-0305,Willard Elementary School,2700 HURD AVE,Evanston,IL,60201,"2700 HURD AVE
Evanston, IL 60201
(42.066816, -87.716525)",05/09/2017
09FOOD-0262,Delta Gamma,618 EMERSON ST,Evanston,IL,60201,"618 EMERSON ST
Evanston, IL 60201
(42.052073, -87.677747)",05/09/2017
09FOOD-0066,Symphony's,1945 CENTRAL ST,Evanston,IL,60201,"1945 CENTRAL ST
Evanston, IL 60201
(42.064333, -87.700924)",05/09/2017
15FOOD-0005,Valli Produce,1910 DEMPSTER ST,Evanston,IL,60202,"1910 DEMPSTER ST
Evanston, IL 60202
(42.041109, -87.700019)",05/09/2017
09FOOD-0291,Nichols Middle School,800 GREENLEAF ST,Evanston,IL,60202,"800 GREENLEAF ST
Evanston, IL 60202
(42.037589, -87.682134)",05/10/2017
09FOOD-0128,Puerta Abierta,933 CHICAGO AVE,Evanston,IL,60202,"933 CHICAGO AVE
Evanston, IL 60202
(42.034859, -87.679563)",05/10/2017
09FOOD-0256,Phi Kappa Psi,2247 SHERIDAN RD,Evanston,IL,60208,"2247 SHERIDAN RD
Evanston, IL 60208
(42.058615, -87.677134)",05/10/2017
09FOOD-0304,Washington Elementary School,914 ASHLAND AVE,Evanston,IL,60202,"914 ASHLAND AVE
Evanston, IL 60202
(42.034607, -87.69305)",05/10/2017
13FOOD-0004,Farmhouse Tavern,703 CHURCH ST,Evanston,IL,60201,"703 CHURCH ST
Evanston, IL 60201
(42.048277, -87.680843)",04/28/2017
09FOOD-0374,Sigma Chi,2249 SHERIDAN RD,Evanston,IL,60208,"2249 SHERIDAN RD
Evanston, IL 60208
(42.058644, -87.677134)",05/10/2017
09FOOD-0356,Lambda Chi Alpha,2339 SHERIDAN RD,Evanston,IL,60208,"2339 SHERIDAN RD
Evanston, IL 60208
(42.060551, -87.677093)",05/15/2017
09FOOD-0019,Phi Delta Theta,2347 SHERIDAN RD,Evanston,IL,60208,"2347 SHERIDAN RD
Evanston, IL 60208
(42.060661, -87.677093)",05/15/2017
09FOOD-0087,Sarkis Cafe,2632 GROSS POINT RD,Evanston,IL,60201,"2632 GROSS POINT RD
Evanston, IL 60201
(42.065554, -87.727092)",05/16/2017
09FOOD-0265,Kappa Alpha Theta,619 UNIVERSITY PL,Evanston,IL,60201,"619 UNIVERSITY PL
Evanston, IL 60201
(42.051195, -87.677995)",05/16/2017
17FOOD-0013,Lagoon Building,1631 SHERIDAN RD,Evanston,IL,60201,"1631 SHERIDAN RD
Evanston, IL 60201
(42.046091, -87.67399)",05/16/2017
09FOOD-0294,Pope John XXIII School,1120 WASHINGTON ST,Evanston,IL,60202,"1120 WASHINGTON ST
Evanston, IL 60202
(42.032845, -87.688395)",05/16/2017
09FOOD-0259,Alpha Phi,701 UNIVERSITY PL,Evanston,IL,60201,"701 UNIVERSITY PL
Evanston, IL 60201
(42.05124, -87.679786)",05/16/2017
09FOOD-0261,Delta Delta Delta,625 UNIVERSITY PL,Evanston,IL,60201,"625 UNIVERSITY PL
Evanston, IL 60201
(42.051208, -87.678127)",05/16/2017
09FOOD-0282,Lisa's Cafe,2332 CAMPUS DR,Evanston,IL,60208,"2332 CAMPUS DR
Evanston, IL 60208
(42.059099, -87.674753)",05/17/2017
15FOOD-0012,The Spice & Tea Exchange of Evanston,1615 SHERMAN AVE,Evanston,IL,60201,"1615 SHERMAN AVE
Evanston, IL 60201
(42.047252, -87.681839)",05/17/2017
12FOOD-0042,Zeta Beta Tau Fraternity,2251 SHERIDAN RD,Evanston,IL,60208,"2251 SHERIDAN RD
Evanston, IL 60208
(42.058673, -87.677134)",05/17/2017
15FOOD-0016,First Slice Pie Cafe @Gibbs-Morrison Cultural Center,1823 CHURCH ST,Evanston,IL,60201,"1823 CHURCH ST
Evanston, IL 60201
(42.048391, -87.697987)",05/17/2017
09FOOD-0260,Chi Omega,1870 ORRINGTON AVE,Evanston,IL,60201,"1870 ORRINGTON AVE
Evanston, IL 60201
(42.052718, -87.679782)",05/17/2017
09FOOD-0277,Tech Express,2145 SHERIDAN RD,Evanston,IL,60208,"2145 SHERIDAN RD
Evanston, IL 60208
(42.056691, -87.677158)",05/17/2017
13FOOD-0045,Starbucks #243,1734 SHERMAN AVE,Evanston,IL,60201,"1734 SHERMAN AVE
Evanston, IL 60201
(42.049558, -87.681792)",05/18/2017
09FOOD-0177,NU Sodexo Great Room,600 HAVEN ST,Evanston,IL,60201,"600 HAVEN ST
Evanston, IL 60201
(42.057284, -87.677155)",05/18/2017
09FOOD-0418,Vineyard Christian Fellowship,2495 HOWARD ST,Evanston,IL,60202,"2495 HOWARD ST
Evanston, IL 60202
(42.019167, -87.708617)",05/22/2017
14FOOD-0022,Aramark@NU Kellogg School of Management,2211 CAMPUS DR,Evanston,IL,60208,"2211 CAMPUS DR
Evanston, IL 60208
(42.0576, -87.673134)",05/22/2017
09FOOD-0053,Target Store T-927,2209 HOWARD ST,Evanston,IL,60202,"2209 HOWARD ST
Evanston, IL 60202
(42.019249, -87.70456)",05/23/2017
13FOOD-0016,Trader Joe's #702,1211 CHICAGO AVE,Evanston,IL,60202,"1211 CHICAGO AVE
Evanston, IL 60202
(42.03985, -87.680545)",05/24/2017
15FOOD-0054,Sweet Temptation Bake Shop,607 HOWARD ST,Evanston,IL,60202,"607 HOWARD ST
Evanston, IL 60202
(42.019459, -87.678293)",05/24/2017
09FOOD-0135,McDonald's #82,1117 HOWARD ST,Evanston,IL,60202,"1117 HOWARD ST
Evanston, IL 60202
(42.019546, -87.687553)",05/24/2017
11FOOD-0043,Delta Tau Delta,2317 SHERIDAN RD,Evanston,IL,60208,"2317 SHERIDAN RD
Evanston, IL 60208
(42.059932, -87.677117)",05/25/2017
12FOOD-0057,Forever Yogurt Evanston LLC,1739 SHERMAN AVE,Evanston,IL,60201,"1739 SHERMAN AVE
Evanston, IL 60201
(42.049674, -87.681786)",05/25/2017
09FOOD-0398,First United Methodist Church,516 CHURCH ST,Evanston,IL,60201,"516 CHURCH ST
Evanston, IL 60201
(42.047425, -87.677756)",05/26/2017
12FOOD-0047,The Wine Goddess,702 MAIN ST,Evanston,IL,60202,"702 MAIN ST
Evanston, IL 60202
(42.033963, -87.680542)",05/30/2017
13FOOD-0038,Tomate Fresh Kitchen,914 1/2 NOYES ST,Evanston,IL,60201,"914 1/2 NOYES ST
Evanston, IL 60201
(42.058448, -87.68401)",05/30/2017
15FOOD-0039,Starbucks #2444,519 MAIN ST,Evanston,IL,60202,"519 MAIN ST
Evanston, IL 60202
(42.033937, -87.678582)",05/30/2017
09FOOD-0054,Peet's Coffee & Tea,1622 CHICAGO AVE,Evanston,IL,60201,"1622 CHICAGO AVE
Evanston, IL 60201
(42.046536, -87.679516)",05/31/2017
09FOOD-0114,The Woman's Club of Evanston,1702 CHICAGO AVE,Evanston,IL,60201,"1702 CHICAGO AVE
Evanston, IL 60201
(42.047876, -87.678888)",05/31/2017
13FOOD-0002,Subway,845 DODGE AVE,Evanston,IL,60202,"845 DODGE AVE
Evanston, IL 60202
(42.03336, -87.699322)",05/31/2017
09FOOD-0106,Evanston Hospital,1301 CENTRAL ST,Evanston,IL,60201,"1301 CENTRAL ST
Evanston, IL 60201
(42.064249, -87.689854)",05/31/2017
12FOOD-0041,The Supreme Burrito #1,843 DODGE AVE,Evanston,IL,60202,"843 DODGE AVE
Evanston, IL 60202
(42.033552, -87.699319)",06/01/2017
11FOOD-0028,Sugar & Spice,1205 HARTREY AVE,Evanston,IL,60202,"1205 HARTREY AVE
Evanston, IL 60202
(42.038944, -87.703856)",06/01/2017
13FOOD-0028,Frio Gelato,1701 SIMPSON ST,Evanston,IL,60201,"1701 SIMPSON ST
Evanston, IL 60201
(42.055689, -87.695738)",06/06/2017
13FOOD-0031,Leonida's Chocolates,1907 CENTRAL ST,Evanston,IL,60201,"1907 CENTRAL ST
Evanston, IL 60201
(42.06432, -87.699087)",06/06/2017
09FOOD-0397,First Presbyterian Church,1427 CHICAGO AVE,Evanston,IL,60201,"1427 CHICAGO AVE
Evanston, IL 60201
(42.043427, -87.680572)",06/07/2017
10FOOD-0037,Subway #46615,3330 CENTRAL ST,Evanston,IL,60201,"3330 CENTRAL ST
Evanston, IL 60201
(42.064577, -87.726773)",06/07/2017
09FOOD-0400,Hill Arboretum Apartments,2040 BROWN AVE,Evanston,IL,60201,"2040 BROWN AVE
Evanston, IL 60201
(42.055257, -87.700412)",06/08/2017
09FOOD-0224,Panino's Cafe & Bar,1968 DEMPSTER ST,Evanston,IL,60202,"1968 DEMPSTER ST
Evanston, IL 60202
(42.041108, -87.700539)",06/08/2017
09FOOD-0281,Einstein Bros,2200 CAMPUS DR,Evanston,IL,60208,"2200 CAMPUS DR
Evanston, IL 60208
(42.057445, -87.673123)",06/09/2017
16FOOD-0043,Insomnia Cookies,1725 SHERMAN AVE,Evanston,IL,60201,"1725 SHERMAN AVE
Evanston, IL 60201
(42.04944, -87.681798)",06/09/2017
14FOOD-0043,The Unicorn Cafe,1723 SHERMAN AVE,Evanston,IL,60201,"1723 SHERMAN AVE
Evanston, IL 60201
(42.04944, -87.681798)",06/09/2017
11FOOD-0039,Subway #53951,724 CLARK ST,Evanston,IL,60201,"724 CLARK ST
Evanston, IL 60201
(42.049909, -87.681332)",06/09/2017
17FOOD-0007,Sushi Burrito,1565 SHERMAN AVE,Evanston,IL,60201,"1565 SHERMAN AVE
Evanston, IL 60201
(42.045902, -87.681879)",06/09/2017
09FOOD-0184,Albany Care,901 MAPLE AVE,Evanston,IL,60202,"901 MAPLE AVE
Evanston, IL 60202
(42.034163, -87.685223)",06/12/2017
14FOOD-0017,El Pueblito Mexican Grill 2,1805 HOWARD ST,Evanston,IL,60202,"1805 HOWARD ST
Evanston, IL 60202
(42.019385, -87.698301)",06/12/2017
09FOOD-0045,Mustard's Last Stand,1613 CENTRAL ST,Evanston,IL,60201,"1613 CENTRAL ST
Evanston, IL 60201
(42.064296, -87.694751)",06/12/2017
15FOOD-0023,Giordano's,1527 CHICAGO AVE,Evanston,IL,60201,"1527 CHICAGO AVE
Evanston, IL 60201
(42.046054, -87.679754)",06/13/2017
09FOOD-0182,Evanston Hospital,2650 RIDGE AVE,Evanston,IL,60201,"2650 RIDGE AVE
Evanston, IL 60201
(42.0653, -87.683293)",06/13/2017
09FOOD-0215,Hearth Restaurant,1625 HINMAN AVE,Evanston,IL,60201,"1625 HINMAN AVE
Evanston, IL 60201
(42.046732, -87.677506)",06/13/2017
15FOOD-0027,Papa John's Pizza,1743 BENSON AVE,Evanston,IL,60201,"1743 BENSON AVE
Evanston, IL 60201
(42.050082, -87.683352)",06/13/2017
09FOOD-0117,Bennison's Bakery,1000 DAVIS ST,Evanston,IL,60201,"1000 DAVIS ST
Evanston, IL 60201
(42.047053, -87.685091)",06/14/2017
10FOOD-0049,Edible Arrangements,1630 MAPLE AVE,Evanston,IL,60201,"1630 MAPLE AVE
Evanston, IL 60201
(42.047893, -87.685115)",06/06/2017
09FOOD-0415,St. Paul Lutheran Church,1004 GREENWOOD ST,Evanston,IL,60201,"1004 GREENWOOD ST
Evanston, IL 60201
(42.042706, -87.685356)",06/15/2017
14FOOD-0032,Rocky Miller Park - Concessions/Food Service,2751 ASHLAND AVE,Evanston,IL,60201,"2751 ASHLAND AVE
Evanston, IL 60201
(42.068126, -87.693807)",04/19/2017
09FOOD-0355,Lou Malnati's Pizzeria,1850 SHERMAN AVE,Evanston,IL,60201,"1850 SHERMAN AVE
Evanston, IL 60201
(42.051336, -87.681778)",06/15/2017
15FOOD-0043,Snow Dragon Shavery and Yogurt,809 DAVIS ST,Evanston,IL,60201,"809 DAVIS ST
Evanston, IL 60201
(42.046945, -87.682548)",06/06/2017
09FOOD-0369,Einstein Bros Bagels #1399,1745 SHERMAN AVE,Evanston,IL,60201,"1745 SHERMAN AVE
Evanston, IL 60201
(42.049568, -87.681792)",06/05/2017
08FOOD-0184,Ted's Snack Shop,1824 CRAIN ST,Evanston,IL,60202,"1824 CRAIN ST
Evanston, IL 60202
(42.039313, -87.698836)",06/06/2017
09FOOD-0307,Starbucks #241,528 DEMPSTER ST,Evanston,IL,60202,"528 DEMPSTER ST
Evanston, IL 60202
(42.041197, -87.679854)",06/15/2017
12FOOD-0033,Cheesie's Pub & Grub,622 DAVIS ST,Evanston,IL,60201,"622 DAVIS ST
Evanston, IL 60201
(42.046527, -87.68093)",06/16/2017
09FOOD-0373,Evanston Post 42,1030 CENTRAL ST,Evanston,IL,60201,"1030 CENTRAL ST
Evanston, IL 60201
(42.064176, -87.686042)",06/07/2017
09FOOD-0357,Koi Chinese & Sushi,624 DAVIS ST,Evanston,IL,60201,"624 DAVIS ST
Evanston, IL 60201
(42.046442, -87.680618)",06/16/2017
15FOOD-0013,Jimmy John's Restaurant,1241 CHICAGO AVE,Evanston,IL,60202,"1241 CHICAGO AVE
Evanston, IL 60202
(42.040642, -87.680588)",06/16/2017
16FOOD-0029,Evanston Food Mart,2401 DEMPSTER ST,Evanston,IL,60201,"2401 DEMPSTER ST
Evanston, IL 60201
(42.041003, -87.706914)",06/07/2017
11FOOD-0018,Grace Lutheran Church,1430 SOUTH BLVD,Evanston,IL,60202,"1430 SOUTH BLVD
Evanston, IL 60202
(42.02776, -87.693232)",06/19/2017
09FOOD-0099,Chicken Shack,1925 RIDGE AVE,Evanston,IL,60201,"1925 RIDGE AVE
Evanston, IL 60201
(42.052886, -87.687691)",06/19/2017
16FOOD-0034,Bottle & Bottega of Evanston,1016 DAVIS ST,Evanston,IL,60201,"1016 DAVIS ST
Evanston, IL 60201
(42.047067, -87.686046)",06/19/2017
09FOOD-0306,Starbucks #8667,3330 CENTRAL ST,Evanston,IL,60201,"3330 CENTRAL ST
Evanston, IL 60201
(42.064577, -87.726773)",06/19/2017
10FOOD-0045,Friendship Baptist Church,2201 FOSTER ST,Evanston,IL,60201,"2201 FOSTER ST
Evanston, IL 60201
(42.053333, -87.703745)",06/19/2017
09FOOD-0064,Mary Lou's Place,1215 CHURCH ST,Evanston,IL,60201,"1215 CHURCH ST
Evanston, IL 60201
(42.048524, -87.689007)",06/20/2017
09FOOD-0068,Cross-Rhodes,913 1/2 CHICAGO AVE,Evanston,IL,60202,"913 1/2 CHICAGO AVE
Evanston, IL 60202
(42.034304, -87.679457)",06/20/2017
09FOOD-0411,Second Baptist Church,1717 BENSON AVE,Evanston,IL,60201,"1717 BENSON AVE
Evanston, IL 60201
(42.04892, -87.683384)",06/20/2017
12FOOD-0048,Upstairs Cafe,1826 CENTRAL ST,Evanston,IL,60201,"1826 CENTRAL ST
Evanston, IL 60201
(42.064304, -87.698205)",06/21/2017
09FOOD-0393,Early Childhood Program Head Start / Pre-K,1500 MCDANIEL AVE,Evanston,IL,60201,"1500 MCDANIEL AVE
Evanston, IL 60201
(42.044629, -87.708393)",06/21/2017
09FOOD-0140,Doorway To Learning,1500 MCDANIEL AVE,Evanston,IL,60201,"1500 MCDANIEL AVE
Evanston, IL 60201
(42.044629, -87.708393)",06/21/2017
09FOOD-0366,Davis Pantry,927 DAVIS ST,Evanston,IL,60201,"927 DAVIS ST
Evanston, IL 60201
(42.047046, -87.684553)",06/20/2017
16FOOD-0008,YaHala Inn,825 CHURCH ST,Evanston,IL,60201,"825 CHURCH ST
Evanston, IL 60201
(42.048471, -87.682845)",06/21/2017
10FOOD-0008,Andy's Frozen Custard,719 CHURCH ST,Evanston,IL,60201,"719 CHURCH ST
Evanston, IL 60201
(42.048296, -87.680917)",06/21/2017
09FOOD-0352,Open Pantry,821 DEMPSTER ST,Evanston,IL,60201,"821 DEMPSTER ST
Evanston, IL 60201
(42.04121, -87.683022)",06/20/2017
14FOOD-0030,Little Beans Cafe,430 ASBURY AVE,Evanston,IL,60202,"430 ASBURY AVE
Evanston, IL 60202
(42.026154, -87.690107)",06/21/2017
16FOOD-0005,Wired Coffee House,901 DAVIS ST,Evanston,IL,60201,"901 DAVIS ST
Evanston, IL 60201
(42.047043, -87.684411)",06/22/2017
14FOOD-0045,Central Food Mart,2966 CENTRAL ST,Evanston,IL,60201,"2966 CENTRAL ST
Evanston, IL 60201
(42.064465, -87.717504)",06/22/2017
09FOOD-0243,Northstar Coffee,2201 OAKTON ST,Evanston,IL,60202,"2201 OAKTON ST
Evanston, IL 60202
(42.026506, -87.704953)",06/22/2017
15FOOD-0035,Pita Mediterranean Grill,1926 CENTRAL ST,Evanston,IL,60201,"1926 CENTRAL ST
Evanston, IL 60201
(42.064321, -87.699994)",04/24/2017
14FOOD-0004,Just Turkey,2430 MAIN ST,Evanston,IL,60202,"2430 MAIN ST
Evanston, IL 60202
(42.033664, -87.707558)",06/22/2017
16FOOD-0009,Berry Pike,1100 DAVIS ST,Evanston,IL,60201,"1100 DAVIS ST
Evanston, IL 60201
(42.047086, -87.687257)",06/22/2017
09FOOD-0015,Dar-Us-Sunnah Masjid & Community Center,2045 BROWN AVE,Evanston,IL,60201,"2045 BROWN AVE
Evanston, IL 60201
(42.055088, -87.700416)",06/22/2017
16FOOD-0017,Union Squared Evanston,1307 CHICAGO AVE,Evanston,IL,60201,"1307 CHICAGO AVE
Evanston, IL 60201
(42.041418, -87.680589)",06/22/2017
09FOOD-0323,Chef's Station,915 DAVIS ST,Evanston,IL,60201,"915 DAVIS ST
Evanston, IL 60201
(42.047045, -87.684494)",06/22/2017
11FOOD-0009,Old Town Oil Evanston LLC,1924 CENTRAL ST,Evanston,IL,60201,"1924 CENTRAL ST
Evanston, IL 60201
(42.064321, -87.700006)",06/22/2017
09FOOD-0389,Child Care Center,1840 ASBURY AVE,Evanston,IL,60201,"1840 ASBURY AVE
Evanston, IL 60201
(42.051914, -87.690076)",06/22/2017
10FOOD-0024,Jimmy John's #44,1729 SHERMAN AVE,Evanston,IL,60201,"1729 SHERMAN AVE
Evanston, IL 60201
(42.049558, -87.681792)",06/26/2017
14FOOD-0033,Blaze Pizza,1737 SHERMAN AVE,Evanston,IL,60203,"1737 SHERMAN AVE
Evanston, IL 60203
(42.049517, -87.681794)",06/26/2017
13FOOD-0027,Olive Mediterranean Grill,1726 SHERMAN AVE,Evanston,IL,60201,"1726 SHERMAN AVE
Evanston, IL 60201
(42.049388, -87.6818)",06/26/2017
09FOOD-0032,Subway #46751,1900 DEMPSTER ST C,Evanston,IL,60202,"1900 DEMPSTER ST C
Evanston, IL 60202
(42.041109, -87.70006)",06/26/2017
16FOOD-0041,Pizza Hut #32443,1115 EMERSON ST,Evanston,IL,60201,"1115 EMERSON ST
Evanston, IL 60201
(42.052149, -87.687006)",06/27/2017
16FOOD-0040,Pizza Hut #32451,951 HOWARD ST,Evanston,IL,60202,"951 HOWARD ST
Evanston, IL 60202
(42.019514, -87.685188)",06/27/2017
09FOOD-0296,The Barbereux School,3333 CULVER ST,Evanston,IL,60201,"3333 CULVER ST
Evanston, IL 60201
(42.063587, -87.726812)",06/27/2017
14FOOD-0027,Bake 425,2122 CENTRAL ST,Evanston,IL,60201,"2122 CENTRAL ST
Evanston, IL 60201
(42.064349, -87.703163)",06/28/2017
09FOOD-0095,Great Harvest Bread Co.,2126 CENTRAL ST,Evanston,IL,60201,"2126 CENTRAL ST
Evanston, IL 60201
(42.064349, -87.702842)",06/28/2017
09FOOD-0062,Hartigan's Ice Cream Shoppe,2909 CENTRAL ST,Evanston,IL,60201,"2909 CENTRAL ST
Evanston, IL 60201
(42.064438, -87.715068)",06/27/2017
13FOOD-0010,Hewn Bakery LLC,810 DEMPSTER ST,Evanston,IL,60202,"810 DEMPSTER ST
Evanston, IL 60202
(42.041209, -87.68277)",06/28/2017
09FOOD-0406,KinderCare,2014 DEMPSTER ST,Evanston,IL,60202,"2014 DEMPSTER ST
Evanston, IL 60202
(42.041096, -87.701693)",06/28/2017
15FOOD-0015,Epic Burger,1622 SHERMAN AVE,Evanston,IL,60201,"1622 SHERMAN AVE
Evanston, IL 60201
(42.047367, -87.681836)",06/28/2017
09FOOD-0403,Toddler Town Day Care,1501 HOWARD ST,Evanston,IL,60202,"1501 HOWARD ST
Evanston, IL 60202
(42.019483, -87.693455)",06/28/2017
14FOOD-0051,Freshii,1596 SHERMAN AVE,Evanston,IL,60201,"1596 SHERMAN AVE
Evanston, IL 60201
(42.046719, -87.681861)",06/28/2017
10FOOD-0048,Boys Hope,827 GAFFIELD PL,Evanston,IL,60201,"827 GAFFIELD PL
Evanston, IL 60201
(42.056877, -87.683341)",06/29/2017
12FOOD-0054,Walgreens #15364,635 CHICAGO AVE,Evanston,IL,60202,"635 CHICAGO AVE
Evanston, IL 60202
(42.029984, -87.678596)",06/29/2017
09FOOD-0120,J. D. Mills Health Food,"635 CHICAGO AVE, UNIT 4",Evanston,IL,60202,"635 CHICAGO AVE, UNIT 4
Evanston, IL 60202
(42.029984, -87.678596)",06/29/2017
13FOOD-0011,Marshall's #245,2400 MAIN ST,Evanston,IL,60202,"2400 MAIN ST
Evanston, IL 60202
(42.033665, -87.707728)",06/29/2017
09FOOD-0326,CVS/Pharmacy #4778,101 ASBURY AVE,Evanston,IL,60202,"101 ASBURY AVE
Evanston, IL 60202
(42.020055, -87.69019)",06/29/2017
09FOOD-0380,Boys Hope,823 GAFFIELD PL,Evanston,IL,60201,"823 GAFFIELD PL
Evanston, IL 60201
(42.056895, -87.682865)",06/29/2017
09FOOD-0345,Sea Ranch,518 DEMPSTER ST,Evanston,IL,60202,"518 DEMPSTER ST
Evanston, IL 60202
(42.0412, -87.680043)",06/29/2017
14FOOD-0007,Office Max #6212,2255 HOWARD ST,Evanston,IL,60202,"2255 HOWARD ST
Evanston, IL 60202
(42.01922, -87.706199)",06/29/2017
15FOOD-0041,Coffee Lab,910 NOYES ST,Evanston,IL,60201,"910 NOYES ST
Evanston, IL 60201
(42.058448, -87.683724)",06/30/2017
09FOOD-0116,Tag's Bakery,2010 CENTRAL ST,Evanston,IL,60201,"2010 CENTRAL ST
Evanston, IL 60201
(42.06434, -87.701446)",06/30/2017
17FOOD-0022,Kingsley School Site# 11146,2300 GREEN BAY RD,Evanston,IL,60201,"2300 GREEN BAY RD
Evanston, IL 60201
(42.059714, -87.695031)",06/30/2017
14FOOD-0028,Patisserie Coralie,600 DAVIS ST,Evanston,IL,60201,"600 DAVIS ST
Evanston, IL 60201
(42.046265, -87.679972)",06/29/2017
09FOOD-0063,Potbelly Sandwich Works,630 DAVIS ST,Evanston,IL,60201,"630 DAVIS ST
Evanston, IL 60201
(42.046625, -87.681289)",07/05/2017
16FOOD-0031,Gyros Planet,1903 CHURCH ST,Evanston,IL,60201,"1903 CHURCH ST
Evanston, IL 60201
(42.048365, -87.69918)",07/05/2017
09FOOD-0252,Noodles & Company #606,930 CHURCH ST,Evanston,IL,60201,"930 CHURCH ST
Evanston, IL 60201
(42.048466, -87.684267)",07/05/2017
09FOOD-0162,D & D Finer Foods,825 NOYES ST,Evanston,IL,60201,"825 NOYES ST
Evanston, IL 60201
(42.058446, -87.683107)",07/06/2017
09FOOD-0105,Taco Bell Express,1743 SHERMAN AVE,Evanston,IL,60201,"1743 SHERMAN AVE
Evanston, IL 60201
(42.049772, -87.681782)",07/06/2017
13FOOD-0046,Homestead Meats & Deli,1305 CHICAGO AVE,Evanston,IL,60201,"1305 CHICAGO AVE
Evanston, IL 60201
(42.041349, -87.68059)",07/06/2017
16FOOD-0002,Osel Ling Mindrolling International,1818 DEMPSTER ST,Evanston,IL,60202,"1818 DEMPSTER ST
Evanston, IL 60202
(42.041133, -87.698468)",07/06/2017
15FOOD-0020,Peppercorns Kitchen,620 DAVIS ST,Evanston,IL,60201,"620 DAVIS ST
Evanston, IL 60201
(42.046471, -87.680725)",07/06/2017
09FOOD-0233,Pinto Noodles and Rice,1931 CENTRAL ST,Evanston,IL,60201,"1931 CENTRAL ST
Evanston, IL 60201
(42.064325, -87.700324)",07/06/2017
17FOOD-0003,Aloha Poke,630 DAVIS ST,Evanston,IL,60201,"630 DAVIS ST
Evanston, IL 60201
(42.046625, -87.681289)",07/06/2017
10FOOD-0044,Subway #46614,1133 EMERSON ST,Evanston,IL,60201,"1133 EMERSON ST
Evanston, IL 60201
(42.052151, -87.687242)",07/07/2017
09FOOD-0129,The Salvation Army,1403 SHERMAN AVE,Evanston,IL,60201,"1403 SHERMAN AVE
Evanston, IL 60201
(42.042741, -87.681805)",07/07/2017
09FOOD-0139,NorthShore University HealthSystem Child Development Center,1000 CENTRAL ST 100,Evanston,IL,60201,"1000 CENTRAL ST 100
Evanston, IL 60201
(42.064161, -87.68494)",07/07/2017
13FOOD-0064,Boltwood,804 DAVIS ST,Evanston,IL,60201,"804 DAVIS ST
Evanston, IL 60201
(42.046846, -87.682086)",07/07/2017
16FOOD-0007,Margarita European Inn,1566 OAK AVE,Evanston,IL,60201,"1566 OAK AVE
Evanston, IL 60201
(42.046194, -87.686865)",07/07/2017
11FOOD-0025,Gordon Food Service Store,2424 OAKTON ST,Evanston,IL,60202,"2424 OAKTON ST
Evanston, IL 60202
(42.026413, -87.708481)",07/10/2017
09FOOD-0334,That Little Mexican Cafe,1010 CHURCH ST,Evanston,IL,60201,"1010 CHURCH ST
Evanston, IL 60201
(42.048484, -87.685708)",07/10/2017
09FOOD-0077,Buffalo Joe's,812 CLARK ST,Evanston,IL,60201,"812 CLARK ST
Evanston, IL 60201
(42.049914, -87.682627)",07/11/2017
12FOOD-0049,Coast Sushi Central,2545 PRAIRIE AVE,Evanston,IL,60201,"2545 PRAIRIE AVE
Evanston, IL 60201
(42.063659, -87.700406)",07/11/2017
15FOOD-0024,A Step by Step Learning Academy,1909 HOWARD ST,Evanston,IL,60202,"1909 HOWARD ST
Evanston, IL 60202
(42.019347, -87.699942)",07/11/2017
16FOOD-0019,Dave's New Kitchen,815 NOYES ST,Evanston,IL,60201,"815 NOYES ST
Evanston, IL 60201
(42.05844, -87.682542)",07/11/2017
08FOOD-0177,Mandarin House,819 NOYES ST,Evanston,IL,60201,"819 NOYES ST
Evanston, IL 60201
(42.05844, -87.682601)",07/12/2017
09FOOD-0185,Dobson Plaza,120 DODGE AVE,Evanston,IL,60202,"120 DODGE AVE
Evanston, IL 60202
(42.019829, -87.699592)",07/12/2017
12FOOD-0016,Peeled Inc,940 CHURCH ST,Evanston,IL,60201,"940 CHURCH ST
Evanston, IL 60201
(42.048465, -87.684443)",07/12/2017
16FOOD-0023,Boiling Pot,608 DAVIS ST,Evanston,IL,60201,"608 DAVIS ST
Evanston, IL 60201
(42.046296, -87.680087)",07/12/2017
12FOOD-0046,Bonsai Cafe,2916 CENTRAL ST,Evanston,IL,60201,"2916 CENTRAL ST
Evanston, IL 60201
(42.064438, -87.715277)",07/13/2017
17FOOD-0020,Mason Park Site# 18796,1634 CHURCH AVE,Evanston,IL,60201,"1634 CHURCH AVE
Evanston, IL 60201
(42.048446, -87.69541)",07/13/2017
17FOOD-0019,Fleetwood Jourdain Community Center Site#18095,1655 FOSTER ST,Evanston,IL,60201,"1655 FOSTER ST
Evanston, IL 60201
(42.053862, -87.695176)",07/13/2017
11FOOD-0001,Soulwich,1634 ORRINGTON AVE,Evanston,IL,60201,"1634 ORRINGTON AVE
Evanston, IL 60201
(42.047241, -87.681291)",07/13/2017
17FOOD-0021,James Park Site# 65742,300 DODGE AVE,Evanston,IL,60202,"300 DODGE AVE
Evanston, IL 60202
(42.023184, -87.699524)",07/13/2017
16FOOD-0039,Jennifer's Edibles Incorporated,1623 SIMPSON ST,Evanston,IL,60201,"1623 SIMPSON ST
Evanston, IL 60201
(42.055702, -87.695163)",07/13/2017
17FOOD-0024,McGaw YMCA Site# 73016,1000 GROVE ST,Evanston,IL,60201,"1000 GROVE ST
Evanston, IL 60201
(42.045582, -87.685892)",07/13/2017
17FOOD-0023,Oakton School Site# 11140,436 RIDGE AVE,Evanston,IL,60202,"436 RIDGE AVE
Evanston, IL 60202
(42.025959, -87.685384)",07/13/2017
17FOOD-0017,Robert Crown Community Center Site# 18094,1701 MAIN ST,Evanston,IL,60202,"1701 MAIN ST
Evanston, IL 60202
(42.033939, -87.696698)",07/13/2017
15FOOD-0045,NaKorn,1622 ORRINGTON AVE,Evanston,IL,60201,"1622 ORRINGTON AVE
Evanston, IL 60201
(42.047047, -87.681377)",07/13/2017
12FOOD-0004,Curt's Cafe,2922 CENTRAL ST,Evanston,IL,60201,"2922 CENTRAL ST
Evanston, IL 60201
(42.06444, -87.715627)",07/14/2017
16FOOD-0033,North Shore Cider,707 HOWARD ST B & C,Evanston,IL,60202,"707 HOWARD ST B &amp; C
Evanston, IL 60202
(42.019475, -87.680817)",05/24/2017
